Name,Gender
aaban,M
aabid,M
aadil,M
aahil,M
aalam,M
aalee,M
aalim,M
aamil,M
aamir,M
aaqib,M
aaqil,M
aarif,M
aariz,M
aaryan,M
aashif,M
aashir,M
aasif,M
aasim,M
aatif,M
aaus,M
aayan,M
aazim,M
abaan,M
abbas,M
abbud,M
abbudin,M
abdal,M
abdalala,M
abdel,M
abdul,M
abdulaalee,M
abduladheem,M
abduladl,M
abdulafuw,M
abdulahad,M
abdulaleem,M
abdulalim,M
abdulaliyy,M
abdulawwal,M
abdulazeez,M
abdulazim,M
abdulaziz,M
abdulbaaqi,M
abdulbaari,M
abdulbaasit,M
abdulbadee,M
abdulbadi,M
abdulbaith,M
abdulbaqi,M
abdulbari,M
abdulbarr,M
abdulbaseer,M
abdulbasir,M
abdulbasit,M
abdulbatin,M
abduldhahir,M
abdulfattah,M
abdulghafaar,M
abdulghaffar,M
abdulghafoor,M
abdulghafur,M
abdulghani,M
abdulhadi,M
abdulhafeedh,M
abdulhafeez,M
abdulhafiz,M
abdulhakam,M
abdulhakeem,M
abdulhakim,M
abdulhaleem,M
abdulhalim,M
abdulhameed,M
abdulhamid,M
abdulhannan,M
abdulhaq,M
abdulhaqq,M
abdulhaseeb,M
abdulhasib,M
abdulhayy,M
abduljabaar,M
abduljabbar,M
abduljaleel,M
abduljalil,M
abduljawwad,M
abdulkabir,M
abdulkareem,M
abdulkarim,M
abdulkhabir,M
abdulkhaliq,M
abdullah,M
abdullateef,M
abdullatif,M
abdulmaajid,M
abdulmaalik,M
abdulmajeed,M
abdulmajid,M
abdulmalik,M
abdulmani,M
abdulmannan,M
abdulmateen,M
abdulmatin,M
abdulmubdee,M
abdulmubdi,M
abdulmueed,M
abdulmueid,M
abdulmughni,M
abdulmuhaimin,M
abdulmuhaymin,M
abdulmuhsi,M
abdulmuhsin,M
abdulmuhyee,M
abdulmuhyi,M
abdulmuid,M
abdulmuiz,M
abdulmuizz,M
abdulmujeeb,M
abdulmujib,M
abdulmumin,M
abdulmunim,M
abdulmuntaqim,M
abdulmuqaddim,M
abdulmuqeet,M
abdulmuqsit,M
abdulmuqtadir,M
abdulmusawwir,M
abdulmutaal,M
abdulmutaalee,M
abdulmuti,M
abdulmuzanni,M
abdulnafi,M
abdulnaseer,M
abdulnasir,M
abdulnasser,M
abdulnoor,M
abdulnur,M
abdulqaadir,M
abdulqadeer,M
abdulqadir,M
abdulqahaar,M
abdulqahhar,M
abdulqaiyoum,M
abdulqawi,M
abdulqayyum,M
abdulquddus,M
abdulqudoos,M
abdulraafi,M
abdulrabb,M
abdulrafi,M
abdulraheem,M
abdulrahim,M
abdulrahman,M
abdulraqib,M
abdulrasheed,M
abdulrashid,M
abdulrauf,M
abdulrazzaq,M
abdulsabur,M
abdulsalam,M
abdulsamad,M
abdulsami,M
abdulsattar,M
abdulshahid,M
abdulshakur,M
abdultawwab,M
abdulwaajid,M
abdulwaali,M
abdulwadood,M
abdulwadud,M
abdulwahhab,M
abdulwahid,M
abdulwajid,M
abdulwakil,M
abdulwali,M
abdulwaliy,M
abdulwarith,M
abdulwasi,M
abdulzahir,M
abdurraheem,M
abdurrahman,M
abdurraqeeb,M
abdurrasheed,M
abdurrashid,M
abdurrauf,M
abdurrazzaq,M
abdus,M
abdushshahid,M
abdussabour,M
abdussabur,M
abdussalaam,M
abdussamad,M
abdussameei,M
abdussami,M
abdussattar,M
abdusshafi,M
abdusshaheed,M
abdusshakur,M
abdussubbooh,M
abid,M
abidin,M
abisali,M
abrad,M
abrar,M
abrash,M
absi,M
abthi,M
abualkhayr,M
abubakr,M
abulhassan,M
abyad,M
abyan,M
abzari,M
adam,M
adan,M
adawi,M
adbulqawi,M
adeeb,M
adeel,M
adeem,M
adel,M
adham,M
adheem,M
adib,M
adil,M
adiy,M
adli,M
adnan,M
aduzzahir,M
adyan,M
afaaq,M
afeef,M
affan,M
afham,M
afif,M
afiq,M
aflah,M
afraz,M
afruz,M
aftaab,M
aftab,M
afzal,M
agharr,M
ahab,M
ahad,M
ahmad,M
ahmar,M
ahmed,M
ahnaf,M
ahsan,M
ahwas,M
ahyan,M
ahzab,M
aidan,M
aidh,M
aijaz,M
aiman,M
aizat,M
ajer,M
ajib,M
ajlah,M
ajmal,M
akbar,M
akdas,M
akeem,M
akhas,M
akhdan,M
akhfash,M
akhlaq,M
akhtar,M
akif,M
akil,M
akmal,M
akram,M
alaaldin,M
alabbas,M
aladdin,M
albara,M
alhakam,M
alharith,M
alhasan,M
alhusain,M
alhusayn,M
alim,M
aliyy,M
almahdi,M
alman,M
almir,M
alsafi,M
altaf,M
altair,M
altamash,M
altayyib,M
altijani,M
altufail,M
altufayl,M
amaan,M
amaar,M
amam,M
amayr,M
ameen,M
ameer,M
amer,M
amid,M
amin,M
amir,M
amjad,M
ammaar,M
ammar,M
amro,M
anas,M
anasah,M
aneeq,M
anees,M
aniq,M
anis,M
anjam,M
ansar,M
antarah,M
anwaar,M
anwar,M
anzar,M
aqdas,M
aqeel,M
aqeil,M
aqil,M
arbaaz,M
arbab,M
areeb,M
areez,M
arfan,M
arham,M
arif,M
arish,M
armaan,M
arman,M
arqam,M
arsal,M
arsalaan,M
arsh,M
arshad,M
arshaq,M
arslan,M
artah,M
aryan,M
asad,M
asadel,M
asar,M
asbagh,M
asbat,M
aseed,M
asfar,M
asgar,M
asghar,M
ashaath,M
ashar,M
ashaz,M
asher,M
ashfaq,M
ashik,M
ashim,M
ashmaan,M
ashmath,M
ashraf,M
asif,M
asim,M
aslam,M
asrar,M
aswad,M
ataa,M
ataallah,M
ataalrahman,M
ataubaq,M
ateeb,M
athar,M
athazaz,M
athier,M
athil,M
athir,M
atif,M
atik,M
atiq,M
attiq,M
awad,M
awwab,M
ayaan,M
ayaaz,M
ayaz,M
aybak,M
aydin,M
ayham,M
aymaan,M
ayman,M
ayoob,M
ayser,M
ayub,M
ayyash,M
ayyub,M
azaan,M
azab,M
azad,M
azeem,M
azfer,M
azhar,M
azim,M
aziz,M
azlan,M
azmat,M
azraq,M
azraqi,M
azzam,M
baahir,M
baasim,M
babar,M
baber,M
badi,M
badialzaman,M
badr,M
badraldin,M
badri,M
baha,M
bahaaldin,M
bahij,M
bahir,M
bahiyyaldin,M
bakr,M
bakri,M
baligh,M
bandar,M
baqar,M
baqir,M
barakah,M
barir,M
barkat,M
barr,M
barraq,M
basel,M
basem,M
bashaar,M
bashar,M
basharat,M
bashir,M
bashshar,M
basil,M
basim,M
basir,M
bassam,M
batal,M
bayhas,M
bazaan,M
bazam,M
behzad,M
bilal,M
bishr,M
boulos,M
budail,M
budayl,M
bulhut,M
burak,M
burayd,M
burhaan,M
burhan,M
bushr,M
butrus,M
daamin,M
daanish,M
dabbah,M
dabir,M
daghfal,M
dakhil,M
dameer,M
damurah,M
dani,M
daniel,M
danish,M
daniyal,M
darim,M
darwish,M
daud,M
dawid,M
dawlah,M
dawoud,M
dawud,M
dayyan,M
dean,M
deen,M
dhakir,M
dhakiy,M
dhakwan,M
dhiya,M
dhulfiqar,M
dilawar,M
dildar,M
dinar,M
dirar,M
diya,M
diyaaldin,M
diyari,M
dizhwar,M
duha,M
duqaq,M
ehan,M
ehsaas,M
ehsan,M
eijaz,M
eisa,M
ejaz,M
elamin,M
emran,M
faaiz,M
faakhir,M
faaris,M
faaz,M
fadi,M
fadil,M
fadl,M
fadlallah,M
faeq,M
fahad,M
fahd,M
faheem,M
fahim,M
fahmi,M
fahyim,M
faik,M
faiq,M
faisal,M
faiyaz,M
faiz,M
faizaan,M
faizan,M
fajaruddin,M
fajer,M
fakeeh,M
fakhir,M
fakhr,M
fakhraldin,M
fakhri,M
fakhrul,M
fakhry,M
fakih,M
falah,M
falih,M
faqeeh,M
farafisa,M
faraj,M
farasat,M
faraz,M
fardeen,M
fareed,M
fareeq,M
farees,M
farhan,M
farid,M
fariq,M
faris,M
farooq,M
farouk,M
farraj,M
farrukh,M
faruq,M
fasahat,M
faseeh,M
fateen,M
fateh,M
fath,M
fathi,M
fatih,M
fatik,M
fatin,M
fattah,M
fawad,M
fawwaz,M
fawz,M
fawzan,M
fawzi,M
fayaaz,M
fayd,M
fayek,M
faysal,M
fayyad,M
fayzan,M
fazal,M
fazan,M
feroz,M
ferran,M
fida,M
fiddah,M
fidyan,M
fikri,M
firas,M
firoz,M
fizan,M
fouad,M
fuad,M
fudail,M
fujai,M
furozh,M
fuwad,M
fuzail,M
gamal,M
gamali,M
ghaith,M
ghali,M
ghalib,M
ghanem,M
ghanim,M
ghannam,M
ghasaan,M
ghassan,M
ghauth,M
ghawth,M
ghayoor,M
ghayth,M
ghazalan,M
ghazanfar,M
ghazawan,M
ghazi,M
ghazwan,M
ghazzal,M
ghiyath,M
ghufran,M
ghulam,M
ghunayn,M
ghusharib,M
ghusun,M
ghutayf,M
gohar,M
gulab,M
gulfam,M
gulshan,M
gulzar,M
haadee,M
haaris,M
haashir,M
haaziq,M
habbab,M
habeebullah,M
habib,M
habis,M
hadad,M
haddad,M
hadee,M
hadi,M
hadid,M
hafid,M
hafiz,M
hafs,M
haider,M
haikal,M
haitham,M
haji,M
hajib,M
hajjaj,M
hakeem,M
hakem,M
hakim,M
haleef,M
haleem,M
halim,M
hallaj,M
halwani,M
hamal,M
hamas,M
hamd,M
hamdan,M
hamdhy,M
hamdi,M
hameem,M
hami,M
hamid,M
hamim,M
hammad,M
hammam,M
hamood,M
hamza,M
hamzah,M
hana,M
hanai,M
hanash,M
hanbal,M
haneef,M
hani,M
hanif,M
hanifah,M
hannad,M
haris,M
harisah,M
harith,M
haroon,M
haroun,M
harun,M
hasan,M
haseeb,M
haseen,M
hasham,M
hashid,M
hashim,M
hashir,M
hashmat,M
hasib,M
hasnain,M
hassan,M
hatib,M
hatim,M
hawshab,M
hayaat,M
haydar,M
hayder,M
haytham,M
hayyam,M
hayyan,M
hazim,M
haziq,M
hesam,M
hibah,M
hibbaan,M
hidayat,M
hilal,M
hilel,M
hilmi,M
himayat,M
hisham,M
hissan,M
hooman,M
hosaam,M
houd,M
houda,M
hubaab,M
hudad,M
hudhafah,M
hudhaifah,M
hudhayfah,M
hujayyah,M
hujjat,M
humaid,M
humair,M
humam,M
humayl,M
humayun,M
humd,M
humza,M
hurairah,M
hurayth,M
hurmat,M
hurrah,M
husain,M
husam,M
husamaldin,M
husayn,M
husni,M
hussain,M
hussein,M
huthayfa,M
huzaifah,M
huzayfah,M
huzayl,M
ibaad,M
ibrahim,M
idris,M
iftikhar,M
ihab,M
ihsan,M
ihtesham,M
ihtiram,M
ihtisham,M
ihtsham,M
ijaz,M
ijli,M
ikrimah,M
ilan,M
ilias,M
ilifat,M
ilyas,M
imaad,M
imaan,M
imad,M
imadaldin,M
imam,M
imran,M
imtiaz,M
imtiyaz,M
inaam,M
inam,M
inayat,M
iniat,M
insaf,M
intaj,M
intikhab,M
intizar,M
iqbal,M
iqraam,M
iqrit,M
iqtidar,M
irfan,M
isam,M
ishaq,M
ishrat,M
ishtiyaq,M
iskandar,M
islam,M
ismah,M
ismail,M
israr,M
issam,M
issar,M
istakhri,M
ithaar,M
itimad,M
iyaad,M
iyaas,M
iyad,M
iyas,M
izaan,M
izyan,M
izzaldin,M
izzat,M
jaan,M
jabalah,M
jabbar,M
jabir,M
jabr,M
jadallah,M
jafar,M
jaffer,M
jahangir,M
jahanzeb,M
jahdami,M
jahdari,M
jahiz,M
jahm,M
jalal,M
jalalaldin,M
jaleel,M
jalees,M
jalil,M
jamal,M
jamalaldin,M
jameel,M
jamesha,M
jamil,M
jaraah,M
jareer,M
jari,M
jarir,M
jariyah,M
jarood,M
jarrar,M
jasim,M
jasmir,M
jauhar,M
jaul,M
jaun,M
javed,M
javeed,M
javier,M
jawad,M
jawdah,M
jawdan,M
jawhar,M
jazib,M
jazlaan,M
jeelan,M
jibran,M
jibril,M
jihad,M
jiyad,M
juayl,M
jubair,M
jubayr,M
juhaym,M
juma,M
jumah,M
jumanah,M
jummal,M
jumuah,M
junaid,M
junayd,M
jundub,M
juthamah,M
juwain,M
juwayn,M
kaamil,M
kaashif,M
kabeer,M
kabir,M
kadar,M
kadeen,M
kadeer,M
kadin,M
kadir,M
kafeel,M
kahil,M
kaiser,M
kajji,M
kalbi,M
kaleem,M
kaleema,M
kalil,M
kaliq,M
kamal,M
kameel,M
kamil,M
kamran,M
karam,M
kardal,M
kareef,M
kareem,M
karif,M
karim,M
kasam,M
kaseeb,M
kaseem,M
kashan,M
kashif,M
kasib,M
kasim,M
kateb,M
katib,M
kawkab,M
kawthar,M
kaysan,M
kazi,M
kazim,M
kedar,M
keyaan,M
khadim,M
khafid,M
khairaldin,M
khairi,M
khairy,M
khalaf,M
khalam,M
khaldoon,M
khaldun,M
khaled,M
khaleed,M
khaleel,M
khaleeq,M
khalid,M
khalifah,M
khalil,M
khalilalallah,M
khalis,M
khallad,M
kharijah,M
khasib,M
khateeb,M
khatib,M
khawar,M
khayaam,M
khayr,M
khayri,M
khayyat,M
khazin,M
khidash,M
khidr,M
khirash,M
khoury,M
khubaib,M
khubayb,M
khulayd,M
khulus,M
khunays,M
khuram,M
khuraymah,M
khurram,M
khursheed,M
khurshid,M
khushbakht,M
khushtar,M
khuzaimah,M
khuzaymah,M
kifayat,M
kinza,M
kishwar,M
kurayb,M
kutaiba,M
labeeb,M
labib,M
lablab,M
lahiah,M
laiq,M
laith,M
lajlaj,M
laqeet,M
lateef,M
latif,M
layth,M
liban,M
limazah,M
liyaqat,M
luay,M
lubaid,M
lubayd,M
luqman,M
lutf,M
lutfi,M
maaz,M
mabad,M
madani,M
madiyan,M
madyan,M
mahad,M
mahaz,M
mahbeer,M
mahbub,M
mahd,M
mahdi,M
maher,M
mahfuj,M
mahfuz,M
mahir,M
mahja,M
mahjub,M
mahmoud,M
mahmud,M
mahrus,M
maimun,M
main,M
majd,M
majdaldin,M
majdi,M
majdy,M
majid,M
makhdoom,M
makin,M
makki,M
malih,M
malik,M
mamdouh,M
mamduh,M
mamoon,M
mamun,M
mandhur,M
mansoor,M
mansur,M
manzar,M
manzoor,M
maqbool,M
maqil,M
marghoob,M
marghub,M
marid,M
marudeen.,M
maruf,M
marwan,M
marzuq,M
masarrat,M
mashal,M
mashhood,M
mashhud,M
mashhur,M
mashkoor,M
masood,M
masoud,M
masroor,M
masrur,M
masud,M
masum,M
masun,M
mateen,M
matloob,M
mawsil,M
maymun,M
maysarah,M
mazhar,M
mazin,M
mehboob,M
mehtab,M
mekka,M
mensur,M
miftah,M
mihran,M
mihyar,M
mika,M
mikail,M
mimar,M
minhaj,M
miqdad,M
miraj,M
mirsab,M
misbah,M
mishaal,M
mishal,M
miskeen,M
mistah,M
miyaz,M
moazzam,M
mobeen,M
moeenuddin,M
moeez,M
moemen,M
mohammed,M
mohid,M
mohsin,M
mokbul,M
moosa,M
mostafa,M
motasim,M
motaz,M
mounir,M
mourad,M
muadh,M
muafa,M
mualla,M
muallim,M
muammar,M
muammer,M
muawiyah,M
muawwiz,M
muayyad,M
muballigh,M
mubarak,M
mubaraq,M
mubashir,M
mubassir,M
mubeen,M
mubid,M
mubin,M
mudabbir,M
mudar,M
mudasir,M
mudasser,M
muddaththir,M
mueen,M
mueez,M
mufaddal,M
mufakkir,M
mufallah,M
mufeed,M
mufid,M
muflih,M
mufti,M
mughith,M
muhab,M
muhafiz,M
muhaimin,M
muhair,M
muhajir,M
muhammad,M
muhanna,M
muhannad,M
muhanned,M
muharrem,M
muhayr,M
muhdee,M
muheet,M
muhib,M
muhibb,M
muhriz,M
muhsin,M
muhtadi,M
muhtashim,M
muhyialdin,M
muin,M
muinuddeen,M
muiz,M
muizz,M
mujab,M
mujaddid,M
mujahid,M
mujazziz,M
mujeeb,M
mujibur,M
mujtaba,M
mukarram,M
mukhlis,M
mukhtar,M
mukthadir,M
mulayl,M
mulham,M
mulhim,M
mumin,M
mummar,M
mumtaz,M
munaf,M
munahid,M
munawwar,M
mundhir,M
muneeb,M
muneer,M
munib,M
munif,M
munir,M
munis,M
munjid,M
munkadir,M
munqad,M
munsif,M
muntasir,M
muntazir,M
munzir,M
muqaddas,M
muqatadir,M
muqbil,M
muqtasid,M
murabbi,M
murad,M
mursal,M
murshid,M
murtaad,M
murtada,M
murtadaa,M
murtadhy,M
murtadi,M
murtaza,M
musa,M
musab,M
musad,M
musaddiq,M
musaid,M
museeb,M
musharraf,M
musheer,M
mushfiq,M
mushir,M
mushtaq,M
muslih,M
muslim,M
mussarrat,M
mustaeen,M
mustafa,M
mustafeed,M
mustahsan,M
mustajab,M
mustakim,M
mustaneer,M
mustaqeem,M
mustatab,M
muta,M
mutahhir,M
mutashim,M
mutasim,M
mutawalli,M
mutawassit,M
mutayyib,M
mutazz,M
muthanna,M
muti,M
muttaqi,M
muttee,M
muwaffaq,M
muyassar,M
muzaffar,M
muzakkir,M
muzammil,M
muzhir,M
muzzammil,M
naadir,M
nabeel,M
nabhan,M
nabigh,M
nabighah,M
nabih,M
nabil,M
nadeem,M
nadhir,M
nadim,M
nadir,M
nadr,M
naeem,M
nafasat,M
nafees,M
nafi,M
nafis,M
nahid,M
naib,M
naif,M
nail,M
naim,M
najair,M
najam,M
najeeb,M
najeed,M
naji,M
najib,M
najid,M
najih,M
najjar,M
najm,M
najmaldin,M
naman,M
nameer,M
namik,M
namir,M
naqeeb,M
naqi,M
naqid,M
naqqaash,M
naseef,M
naseem,M
naseer,M
nashah,M
nashat,M
nashit,M
nashwan,M
nasib,M
nasif,M
nasih,M
nasim,M
nasir,M
nasiraldin,M
nasmi,M
nasr,M
nasri,M
nasser,M
nasuh,M
natiq,M
naushad,M
naveed,M
navid,M
nawaf,M
nawaz,M
nawfal,M
nawwaf,M
nayab,M
nayif,M
nazakat,M
nazar,M
nazeef,M
nazeeh,M
nazeem,M
nazeer,M
nazih,M
nazim,M
nazir,M
nazmi,M
nehan,M
nibras,M
nidal,M
nihal,M
nijad,M
nimr,M
nishaaj,M
nithar,M
niyaz,M
nizam,M
nizar,M
nizzar,M
noman,M
nooh,M
noor,M
noorali,M
noori,M
noraiz,M
nour,M
noureddine,M
nuaim,M
nuaym,M
nubaid,M
nuhaid,M
nuhayd,M
numair,M
numan,M
nuraldin,M
nuraz,M
nurdeen,M
nurfirdaus,M
nuri,M
nurulqiblatayn,M
nusayb,M
nusayr,M
nusrah,M
nusrat,M
obaid,M
omair,M
omar,M
osama,M
owais,M
parsa,M
parvez,M
pervaiz,M
qaadir,M
qabeel,M
qadar,M
qadeer,M
qadi,M
qadim,M
qahtan,M
qaim,M
qais,M
qamar,M
qani,M
qanit,M
qareeb,M
qaseem,M
qasid,M
qasif,M
qasim,M
qatadah,M
qawee,M
qays,M
quadir,M
qudamah,M
qudoos,M
qurban,M
qusay,M
qutaibah,M
qutaybah,M
qutb,M
qutuz,M
raahil,M
raamis,M
raamiz,M
raashid,M
rabah,M
rabar,M
rabbani,M
rabee,M
rabi,M
rabiah,M
rabit,M
radi,M
raees,M
rafan,M
rafay,M
rafee,M
rafeek,M
rafi,M
rafid,M
rafik,M
rafiq,M
ragheb,M
raghib,M
raghid,M
rahat,M
raheel,M
raheesh,M
rahil,M
rahim,M
rahman,M
rahmat,M
raid,M
raif,M
raihan,M
rais,M
raiyan,M
raja,M
rajaa,M
rajab,M
raji,M
rajih,M
rakeem,M
rakhshan,M
rakin,M
ramadan,M
rameez,M
rami,M
ramih,M
ramin,M
ramiz,M
ramzi,M
rani,M
raonar,M
raquib,M
raseem,M
rashad,M
rashdan,M
rasheed,M
rashid,M
rasil,M
rasin,M
rasmi,M
rasool,M
rasul,M
ratib,M
rauf,M
rawahah,M
rawdah,M
rawh,M
rayan,M
rayees,M
rayhaan,M
rayhan,M
rayn,M
rayyan,M
raza,M
razam,M
razeen,M
razin,M
reda,M
rehan,M
rehma,M
rehmatullah,M
reza,M
riaz,M
rida,M
ridha,M
ridwan,M
rifaah,M
rihab,M
risay,M
riyad,M
riyadh,M
riyasat,M
rizq,M
rizwan,M
robeel,M
rohail,M
roshan,M
rowel,M
ruhi,M
rukanah,M
rushd,M
rushdi,M
ruwaid,M
ruwayd,M
ruwayfi,M
saad,M
saadah,M
saadat,M
saafir,M
saahir,M
saaiq,M
saal,M
saaqib,M
sabbir,M
sabeeh,M
sabeer,M
sabih,M
sabil,M
sabiq,M
sabir,M
sabri,M
sabur,M
saburah,M
sadad,M
sadaldin,M
sadan,M
sadaqat,M
sadeed,M
sadeem,M
sadid,M
sadik,M
sadiq,M
sadit,M
sadun,M
saeed,M
safdar,M
safeenah,M
safeer,M
saffar,M
safi,M
safiy,M
safiyaldin,M
safiyallah,M
safiyy,M
safuh,M
safulislam,M
safwah,M
safwan,M
safwat,M
sagheer,M
sahab,M
sahar,M
saheim,M
sahib,M
sahil,M
sahir,M
sahl,M
sahm,M
sahmir,M
saib,M
said,M
saif,M
saifaldin,M
saifan,M
saifulazman,M
saim,M
sair,M
sairah,M
saji,M
sajid,M
sajjad,M
sakhawat,M
sakhr,M
sakhrah,M
salaahddinn,M
salaam,M
salah,M
salahaldin,M
salam,M
salamah,M
salamat,M
salar,M
saleel,M
saleem,M
saleh,M
salif,M
salih,M
salik,M
salim,M
salman,M
salsaal,M
salsal,M
salt,M
sameed,M
sameer,M
sameh,M
sami,M
samih,M
samir,M
samit,M
samman,M
sanaullah,M
sanawbar,M
saood,M
saqer,M
saqib,M
saqr,M
sarab,M
sarfaraz,M
sarfraz,M
sarim,M
sariyah,M
sarmad,M
sarosh,M
sarwar,M
sati,M
saud,M
sawa,M
sawad,M
sawlat,M
sawwaf,M
sayf,M
sayfiyy,M
sayhan,M
sayid,M
sayyar,M
sayyid,M
seema,M
seif,M
shaaf,M
shaariq,M
shabaan,M
shabab,M
shabah,M
shaban,M
shabaz,M
shabb,M
shabbeer,M
shabbir,M
shabeeh,M
shabib,M
shad,M
shadab,M
shadan,M
shadeed,M
shadhin,M
shadi,M
shadin,M
shafaat,M
shafee,M
shafeeq,M
shafi,M
shafin,M
shafiq,M
shafiulla,M
shafqat,M
shah,M
shahab,M
shahadat,M
shahan,M
shaharyar,M
shahbaz,M
shaheed,M
shaheem,M
shaheen,M
shaheer,M
shahid,M
shahin,M
shahir,M
shahnawaz,M
shahrukh,M
shahrul,M
shahzad,M
shahzaib,M
shahzor,M
shairyaar,M
shajee,M
shakeel,M
shakib,M
shakir,M
shallal,M
shamal,M
shamas,M
shameel,M
shameem,M
shamel,M
shamil,M
shamim,M
shammyn,M
shams,M
shamsaldin,M
shamshad,M
shamsheer,M
shamsideen,M
shamsulhaq,M
shan,M
shaqeeq,M
sharaf,M
sharafat,M
sharaheel,M
shareef,M
shareek,M
sharif,M
sharifudin,M
shariq,M
sharique,M
sharjeel,M
shaukat,M
shawaiz,M
shawqi,M
shayaan,M
shayan,M
shaybah,M
shazad,M
shazeb,M
shaziya,M
shehran,M
shehroze,M
shehryaar,M
shehyar,M
shehzaad,M
sheraz,M
sheryar,M
shibli,M
shifa,M
shihab,M
shihabaldin,M
shihad,M
shiraz,M
shoaib,M
shuaa,M
shuaib,M
shuayb,M
shuja,M
shukri,M
shumayl,M
shuneal,M
shurahbeel,M
shurayh,M
shuraym,M
siddiq,M
sifet,M
sikandar,M
silah,M
simak,M
sinan,M
siraj,M
sirajaldin,M
siwar,M
sofian,M
sohaib,M
sohail,M
souffian,M
subhan,M
subhi,M
sufyan,M
suhaan,M
suhaib,M
suhail,M
suhaim,M
suhayb,M
suhayl,M
suhaym,M
suheb,M
sulaiman,M
sulayk,M
sulayman,M
sultaan,M
sultan,M
sumayya,M
sumrah,M
suoud,M
suraqah,M
surayj,M
surur,M
suud,M
suwaybit,M
suwayd,M
sydeek,M
syed,M
taanish,M
taban,M
tabassum,M
tabish,M
taha,M
tahawwur,M
taheem,M
tahir,M
tahmeed,M
tahmid,M
tahoor,M
tahseen,M
tahsin,M
taimallah,M
taimur,M
tajaldin,M
tajammal,M
tajammul,M
tajudinn,M
talal,M
talat,M
talha,M
talhah,M
tali,M
talib,M
tamam,M
tameem,M
tameez,M
tamim,M
tamir,M
tamkeen,M
tammam,M
tanim,M
tanveer,M
tanwir,M
taqiy,M
taqiyy,M
tarannum,M
tareef,M
tarif,M
tariq,M
tasadduq,M
tasawwar,M
taseen,M
taslim,M
tasneen,M
taufiq,M
tauqeer,M
tawbah,M
tawfeeq,M
tawfiq,M
tawhid,M
tawoos,M
tawseef,M
taymallah,M
taymullah,M
taymur,M
taysir,M
tayyab,M
tayyib,M
tazeem,M
tazneem,M
tehseen,M
thabit,M
thalabah,M
thaman,M
thamar,M
thamer,M
thamir,M
thaqaf,M
thaqib,M
tharwat,M
thauban,M
thawab,M
thawban,M
thayer,M
thumamah,M
tihami,M
tobias,M
toqeer,M
tufayl,M
tulayb,M
tunveer,M
turhan,M
ubadah,M
ubaid,M
ubaidah,M
ubayd,M
ubaydah,M
ubaydullah,M
ubayy,M
udail,M
uday,M
udayl,M
uhban,M
ulfat,M
umair,M
umar,M
umarah,M
umayr,M
umayyah,M
umran,M
unais,M
unal,M
unays,M
uqbah,M
urfee,M
urooj,M
urwah,M
usaim,M
usama,M
usamah,M
usayd,M
usaym,M
usman,M
utbah,M
uthal,M
uthman,M
uwayam,M
uzair,M
uzayr,M
waail,M
waddah,M
wadi,M
wadid,M
wafa,M
wafeeq,M
wafi,M
wafiq,M
wahab,M
wahb,M
wahban,M
waheed,M
wahhab,M
wahhaj,M
wahib,M
wahid,M
wail,M
wais,M
waiz,M
wajdaan,M
wajdi,M
wajeeh,M
wajid,M
wajih,M
wakalat,M
wakeel,M
wakil,M
waleed,M
wali,M
walid,M
walif,M
waliuddin,M
waliyaldin,M
waliyallah,M
waqaar,M
waqar,M
waqas,M
waqqas,M
ward,M
wasay,M
waseem,M
wasif,M
wasil,M
wasim,M
watheq,M
wazir,M
wildan,M
wisam,M
yafi,M
yaghnam,M
yahya,M
yaman,M
yameen,M
yaqeen,M
yaqoot,M
yaqub,M
yasar,M
yaseen,M
yasin,M
yasir,M
yasser,M
yathrib,M
yawar,M
yawer,M
yazan,M
yazeed,M
yazid,M
yoonus,M
youssef,M
yuhannis,M
yunus,M
yusef,M
yushua,M
yusr,M
yusri,M
yusuf,M
zackariya,M
zaeem,M
zafar,M
zafir,M
zafrul,M
zaheer,M
zahi,M
zahid,M
zahir,M
zaid,M
zaigham,M
zaighum,M
zaim,M
zain,M
zair,M
zakar,M
zakariya,M
zakariyya,M
zaki,M
zakir,M
zakwan,M
zaky,M
zaman,M
zameer,M
zamil,M
zarar,M
zarif,M
zaroon,M
zarrar,M
zayan,M
zayb,M
zayd,M
zayer,M
zayn,M
zebadiyah,M
zeeshan,M
zeeya,M
zeyad,M
ziad,M
ziaud,M
zishan,M
ziyad,M
zohaib,M
zohair,M
zubair,M
zubayr,M
zuehb,M
zufar,M
zuhaib,M
zuhair,M
zuhayr,M
zuhoor,M
zulaym,M
zulfaqar,M
zulfiqar,M
zulqarnain,M
zunnoon,M
zuti,M
aabidah,F
aabirah,F
aabish,F
aadab,F
aadila,F
aaeedah,F
aaeesha,F
aafia,F
aafiya,F
aafreeda,F
aafreen,F
aaidah,F
aairah,F
aakifah,F
aala,F
aalaa,F
aaleyah,F
aalia,F
aalimah,F
aaliyah,F
aamaal,F
aamal,F
aamanee,F
aamilah,F
aaminah,F
aamira,F
aamirah,F
aanifatimahkhatoon,F
aanisah,F
aaqilah,F
aara,F
aarifah,F
aasia,F
aasimah,F
aatifa,F
aatikah,F
aatiqah,F
aatirah,F
aazeen,F
abal,F
abasah,F
abda,F
abdia,F
abeedah,F
abeela,F
abeer,F
abeera,F
abeerah,F
abia,F
abida,F
abidah,F
abir,F
abla,F
ablaa,F
ablah,F
abqurah,F
abra,F
adab,F
adara,F
adawiyah,F
adeeba,F
adeela,F
adeelah,F
adeena,F
adeeva,F
adiba,F
adifaah,F
adila,F
adilah,F
adla,F
afaf,F
afeefa,F
afeerah,F
afia,F
afifa,F
afifah,F
afiyah,F
afizah,F
afnan,F
afra,F
afraa,F
afrah,F
afreen,F
afroza,F
afroze,F
afsa,F
afsana,F
afshan,F
afsheen,F
afya,F
ahdia,F
ahlam,F
aida,F
aidah,F
aighar,F
aila,F
aimal,F
aimen,F
ainalsaba,F
aini,F
aisha,F
aishah,F
aiya,F
aiyla,F
aiza,F
aizah,F
ajeebah,F
ajlal,F
ajradah,F
ajwa,F
akia,F
akifah,F
akilah,F
akleema,F
alaia,F
alayna,F
aleemah,F
aleena,F
aleesa,F
aleeza,F
alesha,F
alhena,F
alia,F
aliah,F
alika,F
alima,F
alimah,F
alina,F
alishaba,F
alishba,F
aliyah,F
aliyyah,F
aliza,F
alleyah,F
alma,F
almaas,F
almas,F
alraaz,F
aludra,F
alvina,F
alya,F
alzahra,F
alzubra,F
amah,F
amal,F
amala,F
amalia,F
aman,F
amana,F
amani,F
amany,F
amara,F
amatullah,F
amaya,F
ambar,F
ambareen,F
amber,F
ambereen,F
ambreen,F
ameena,F
ameenah,F
ameera,F
ameerah,F
amel,F
amelia,F
amena,F
amilah,F
amima,F
amina,F
aminah,F
amineh,F
amira,F
amirah,F
ammara,F
ammarah,F
amna,F
amra,F
amrah,F
amreen,F
amsah,F
amtullah,F
anaan,F
anah,F
anam,F
anan,F
anaum,F
anbar,F
anbarin,F
andaleeb,F
andalib,F
andlib,F
aneeqa,F
aneesa,F
aneesah,F
aneezah,F
angbin,F
anida,F
anika,F
anila,F
anisa,F
anisah,F
anisha,F
aniya,F
anja,F
anjum,F
anmar,F
annam,F
anniyah,F
anousha,F
anum,F
anwara,F
anya,F
aqeela,F
aqeelah,F
aqilah,F
aqsa,F
aram,F
areebah,F
areej,F
aresha,F
arfa,F
ariana,F
aribah,F
arij,F
arisha,F
arissa,F
arjumand,F
aroob,F
aroosa,F
aroush,F
arsala,F
arub,F
arva,F
arwa,F
arya,F
aryisha,F
arzo,F
arzoo,F
arzu,F
asalah,F
asbah,F
asfa,F
asfia,F
asfiya,F
ashadieeyah,F
ashalina,F
ashbah,F
asheeyana,F
ashika,F
ashwaq,F
asifa,F
asil,F
asilah,F
asili,F
asima,F
asimah,F
asiya,F
asiyah,F
asli,F
asma,F
asmaa,F
asmara,F
asmat,F
asna,F
asra,F
asriyah,F
ateefa,F
ateeqah,F
ateeyah,F
athilah,F
athmah,F
atia,F
atifa,F
atifah,F
atika,F
atikah,F
atiqah,F
atiya,F
atiyah,F
atyaf,F
awatif,F
ayaana,F
ayaat,F
ayah,F
ayan,F
ayana,F
ayat,F
ayeh,F
ayesha,F
ayishah,F
aymen,F
ayra,F
aysha,F
ayshah,F
azadeh,F
azeemah,F
azeeza,F
azhaar,F
aziman,F
aziza,F
azizah,F
azka,F
azma,F
azmina,F
azra,F
azraa,F
azza,F
azzah,F
azzahra,F
badia,F
badiah,F
badiyah,F
badra,F
badriya,F
badriyah,F
badriyyah,F
bahaa,F
bahar,F
baheera,F
bahijah,F
bahira,F
bahirah,F
bahiya,F
bahiyaa,F
bahiyah,F
bahiyyah,F
bahriyahalaabidah,F
bakht,F
bakhtawar,F
balqees,F
balqis,F
balsam,F
banafsha,F
banan,F
banujah,F
baraaa,F
baraah,F
baraka,F
bareerah,F
bariah,F
barika,F
barirah,F
barrah,F
barzah,F
basaaria,F
basbas,F
baseema,F
bashair,F
basheera,F
bashirah,F
basilah,F
basimah,F
basinah,F
basma,F
basmah,F
basoos,F
batinah,F
batool,F
batrisyia,F
batul,F
bayan,F
baysan,F
bazilah,F
beena,F
beenish,F
benazir,F
benzair,F
bilqees,F
bilqis,F
binesh,F
binish,F
birrah,F
bisar,F
bisharah,F
bisma,F
budur,F
buhaisah,F
buhaysah,F
buhayyah,F
buhjah,F
buhthah,F
bunanah,F
buqayrah,F
burdah,F
busayrah,F
bushra,F
bushrah,F
busr,F
busrah,F
buthainah,F
buthayna,F
buthaynah,F
cala,F
cantara,F
chaman,F
chanda,F
chandni,F
daania,F
daanya,F
dafiyah,F
dahab,F
dahma,F
dalal,F
daleela,F
daliya,F
daliyah,F
daneen,F
daniya,F
daniyah,F
darakhshaan,F
darakhshan,F
daria,F
dawlatkhatoon,F
deeba,F
deema,F
dema,F
dhakirah,F
dhakiyah,F
dhuha,F
dhuka,F
dilshadkhatoon,F
dimah,F
dina,F
diqrah,F
diyanah,F
doaa,F
duaa,F
dubaah,F
dujanah,F
dunia,F
dunya,F
dunyana,F
durar,F
durdanah,F
durrah,F
durriyah,F
eiliyah,F
eimaan,F
eiman,F
eliza,F
elma,F
eman,F
enisa,F
eraj,F
erina,F
ermina,F
erum,F
eshaal,F
eshal,F
eshmaal,F
ezzah,F
fadeelah,F
fadheela,F
fadila,F
fadilah,F
fadiyah,F
fadwa,F
fadwah,F
fadyaa,F
faeezah,F
faekah,F
fahada,F
fahdah,F
faheemah,F
fahima,F
fahimah,F
fahmida,F
faiha,F
faiqa,F
faiqah,F
fairuzah,F
faiza,F
faizah,F
fajr,F
fakeehah,F
fakhirah,F
fakhra,F
fakhriyah,F
fakhtah,F
fakihah,F
falak,F
falaknaz,F
falaq,F
falisha,F
famya,F
fanan,F
faqirah,F
fara,F
farah,F
faraza,F
fareeda,F
fareedah,F
fareeha,F
fareess,F
farha,F
farhah,F
farhana,F
farhanah,F
farhat,F
farheen,F
farhiya,F
faria,F
fariah,F
farida,F
faridah,F
fariha,F
farihah,F
farisha,F
fariza,F
farizah,F
farkhandah,F
farqad,F
farwa,F
farwah,F
faryal,F
faryat,F
farzana,F
farzeen,F
faseehah,F
faseelah,F
fateenah,F
fatheha,F
fathima,F
fathiya,F
fathiyah,F
fatiha,F
fatihah,F
fatim,F
fatima,F
fatimah,F
fatinah,F
fatma,F
fauzia,F
fawza,F
fawzah,F
fawzia,F
fawziya,F
fawziyah,F
fawziyyah,F
fayha,F
fayruz,F
fazia,F
fazluna,F
fazzilet,F
feerozah,F
feiyaz,F
fellah,F
femida,F
fikriya,F
fikriyah,F
firdaus,F
firdaws,F
firdoos,F
firdous,F
firdowsa,F
firyal,F
fiza,F
forhana,F
fozia,F
foziah,F
fudayl,F
furat,F
furayah,F
fusaylah,F
fuseelah,F
futun,F
gazala,F
ghaada,F
ghaaliya,F
ghadah,F
ghadir,F
ghalibah,F
ghaliyah,F
ghaneemah,F
ghania,F
ghaniyah,F
gharam,F
ghareebah,F
ghayda,F
ghaydaa,F
ghazal,F
ghazala,F
ghazalah,F
ghaziyah,F
ghitbah,F
ghizlan,F
ghufayrah,F
ghumaysa,F
ghunwah,F
ghunyah,F
ghusoon,F
ghuzayyah,F
gulbano,F
gulerana,F
haadiya,F
haajar,F
haala,F
hababah,F
habeeba,F
habiba,F
habibah,F
haboos,F
hadeel,F
hadeeqa,F
hadeeqah,F
hadhirah,F
hadil,F
hadiya,F
hadiyah,F
hadiyyah,F
hafa,F
hafeezah,F
hafizah,F
hafsa,F
hafsa/ucha,F
hafsah,F
hafthah,F
haifa,F
haiza,F
hajar,F
hajjah,F
hajna,F
hajrah,F
hakimah,F
hala,F
halah,F
haleema,F
halima,F
halimah,F
hamamah,F
hamdiyah,F
hameeda,F
hamidah,F
hamnah,F
hamra,F
hanan,F
haneefa,F
haneefah,F
hanfa,F
haniah,F
hanifa,F
hanin,F
haniya,F
haniyah,F
haniyyah,F
hannah,F
hannan,F
hareem,F
haseena,F
hasibah,F
hasinah,F
hasna,F
hasnah,F
hawa,F
hawadah,F
hawazin,F
hawra,F
hawwa,F
hayaam,F
hayah,F
hayam,F
hayat,F
hayed,F
hayfa,F
hayrah,F
hayud,F
hazar,F
hazimah,F
haziqah,F
hazirah,F
heba,F
heela,F
hena,F
henna,F
hessa,F
heyam,F
hiba,F
hibatallah,F
hibatullah,F
hibba,F
hibbah,F
hidayah,F
hidiyah,F
hifza,F
hijab,F
hijrah,F
hikmah,F
hikmat,F
hilwana,F
hind,F
hindah,F
hira,F
hirah,F
hiyam,F
hoda,F
hodan,F
hooda,F
hoor,F
hooria,F
hooriya,F
hooriyah,F
horia,F
hubab,F
hubayshah,F
hubba,F
huda,F
hudun,F
hujaymah,F
hujayrah,F
hukaymah,F
hulyah,F
huma,F
humaira,F
humairah,F
humaydah,F
humayrah,F
humera,F
humra,F
hunaidah,F
hunaydah,F
huriyah,F
huriyyah,F
hurya,F
husn,F
husna,F
husniya,F
husniyah,F
hutun,F
huwaidah,F
huwaydah,F
ibadah,F
ibthaj,F
ibtihaaj,F
ibtihaj,F
ibtihal,F
ibtisam,F
idhar,F
iffah,F
iffat,F
ifra,F
iftikar,F
iftin,F
ifza,F
ijabo,F
ijlal,F
ikhlas,F
ikraam,F
ikram,F
ikramiya,F
ilaaf,F
ilhaam,F
ilham,F
ilhan,F
ilmeeyat,F
iman,F
imani,F
imsaal,F
imthithal,F
imtihal,F
imtithal,F
inaaya,F
inan,F
inas,F
inaya,F
inayah,F
inga,F
insha,F
intessar,F
intisaar,F
intisar,F
iqra,F
iraj,F
iram,F
irem,F
irsa,F
irum,F
isad,F
isaf,F
isar,F
isbah,F
isha,F
ishaal,F
ishfaq,F
ishraq,F
isir,F
isma,F
ismat,F
isra,F
istabraq,F
istilah,F
itab,F
itaf,F
ithar,F
itidal,F
izdihaar,F
izdihar,F
izma,F
izzah,F
izzah(izzat),F
izzannisa,F
jabeen,F
jabirah,F
jabrayah,F
jada,F
jadwa,F
jahaan,F
jahan,F
jahanaara,F
jahanara,F
jahankhatoon,F
jahdamah,F
jahida,F
jahmyyllah,F
jaiyana,F
jala,F
jalilah,F
jameela,F
jameelah,F
jameena,F
jamia,F
jamila,F
jamilah,F
jammana,F
jana,F
janaan,F
janan,F
jannah,F
jannat,F
jaseena,F
jasmin,F
jasmina,F
jasrah,F
javairea,F
jawa,F
jawahir,F
jawharah,F
jawl,F
jawna,F
jaza,F
jazeera,F
jazira,F
jaziya,F
jehaan,F
jehan,F
jemimah,F
jenna,F
jennah,F
jessenia,F
jian,F
jihan,F
jilan,F
jinan,F
johara,F
judamah,F
judi,F
juhainah,F
juhanah,F
juhaynah,F
jumaana,F
juman,F
jumaymah,F
jumaynah,F
junah,F
junainah,F
junnut,F
juwairiyah,F
juwan,F
juwariyah,F
juwayriyah,F
kabirah,F
kadshah,F
kaheesha,F
kainat,F
kaleemah,F
kali,F
kalila,F
kalima,F
kalsoom,F
kaltham,F
kamaliyah,F
kamilah,F
kaneez,F
kanval,F
kanwal,F
kanz,F
kanza,F
kanzah,F
karawan,F
kardawiyah,F
kareema,F
karida,F
karima,F
karimah,F
kashifah,F
kashish,F
kathirah,F
kaukab,F
kausar,F
kawakib,F
kayan,F
kaysah,F
kehara,F
kehkashan,F
khadeeja,F
khadija,F
khadijah,F
khadra,F
khairah,F
khairiya,F
khalida,F
khalidah,F
khalilah,F
khalisah,F
khansa,F
kharqa,F
khatera,F
khatira,F
khatoon,F
khawlah,F
khayrah,F
khayriyah,F
khayriyyah,F
khazanah,F
khidrah,F
khitam,F
khudrah,F
khulaybah,F
khulood,F
khulud,F
khusbakht,F
khuwaylah,F
khuzama,F
khuzamah,F
kifah,F
kiswar,F
koila,F
komal,F
komila,F
kuaybah,F
kuhaylah,F
kulthoom,F
kulthum,F
kulus,F
kunza,F
kuratulain,F
kuwaysah,F
kwairah,F
kyda,F
laaibah,F
laaiqah,F
labeebah,F
labibah,F
laiba,F
laila,F
laiqa,F
lama,F
lamah,F
lamees,F
lamiah,F
lamis,F
lamisa,F
lamisah,F
lamiya,F
lamya,F
lana,F
lanika,F
laraib,F
lashirah,F
lateefa,F
latifa,F
latifah,F
layali,F
layan,F
layla,F
layyah,F
lazim,F
leem,F
leen,F
leena,F
leila,F
leilah,F
leyla,F
liba,F
lina,F
linah,F
liyana,F
lubaaba,F
lubab,F
lubabah,F
luban,F
lubanah,F
lubena,F
lublubah,F
lubna,F
luja,F
lujain,F
lujaina,F
lujayn,F
lulu,F
luluah,F
lulwa,F
luma,F
luna,F
lunah,F
lutfiyah,F
maab,F
maahnoor,F
maali,F
maassama,F
mada,F
madaniyah,F
madeeha,F
madhat,F
madhia,F
madia,F
madiha,F
madihah,F
maha,F
mahabbah,F
mahasin,F
mahbasah,F
mahbubah,F
mahdiya,F
mahdiyah,F
maheen,F
maheera,F
mahek,F
mahfuzah,F
mahibah,F
mahirah,F
mahjabeen,F
mahneera,F
mahneerah,F
mahnoor,F
mahreen,F
mahrosh,F
mahrukh,F
mahtob,F
mahum,F
mahveen,F
mahvish,F
mahwish,F
mahwush,F
maida,F
maimoona,F
maira,F
mais,F
maisa,F
maisah,F
maisarah,F
maisha,F
maizah,F
majida,F
majidah,F
makaarim,F
makarim,F
makhtooma,F
makhtoonah,F
makkiyah,F
maladh,F
malaika,F
malaikah,F
malak,F
malakah,F
malayeka,F
maleehah,F
maliha,F
malika,F
malikah,F
malmal,F
manaal,F
manaar,F
manab,F
manahel,F
manahil,F
manal,F
manar,F
manfoosah,F
manha,F
manhalah,F
mansurah,F
maqboolah,F
maraam,F
marah,F
maram,F
mardhiah,F
marhabah,F
maria,F
mariam,F
maridah,F
mariya,F
mariyah,F
marjanah,F
marnia,F
marwa,F
marwah,F
maryam,F
maryum,F
marzuqah,F
masabeeh,F
masahir,F
masarrah,F
mashaal,F
mashel,F
mashoodah,F
masooma,F
masoomah,F
masouda,F
mastura,F
masudah,F
masumah,F
mateenah,F
mawaddah,F
mawahib,F
mawara,F
mawiya,F
mawiyah,F
maya,F
mayameen,F
mayeda,F
maymunah,F
mays,F
maysa,F
maysaa,F
maysam,F
maysan,F
maysoon,F
maysun,F
mayyada,F
mayyadah,F
mayyasah,F
maznah,F
mazneen,F
medina,F
meem,F
meena,F
mehak,F
mehek,F
meher,F
meheroon,F
meherunissa,F
mehjabeen,F
mehmuda,F
mehnaz,F
mehndi,F
mehnoor,F
mehr,F
mehreen,F
mehriban,F
mehrish,F
mehrnaz,F
mehrunisa,F
mehvesh,F
mehvish,F
mehwish,F
memoona,F
menaal,F
mersiha,F
mevish,F
meymona,F
midhaa,F
midhah,F
mina,F
minaal,F
minal,F
minnah,F
mirah,F
misba,F
misha,F
mishael,F
mishall,F
mishel,F
miskeenah,F
mobena,F
mohaddisa,F
mohga,F
mohsina,F
momina,F
mona,F
monera,F
mouna,F
mounia,F
mounira,F
muazah,F
muazzaz,F
mubarakah,F
mubashirah,F
mubassirah,F
mubeenah,F
mufeeda,F
mufiah,F
mufidah,F
muhibbah,F
muhja,F
muhjah,F
muhsinah,F
muizza,F
mukhlisah,F
mumayyaz,F
mumina,F
muminah,F
muna,F
munawar,F
munazzah,F
muneeba,F
muneera,F
muneerah,F
munerah,F
muneza,F
muniba,F
munira,F
munirah,F
munisa,F
munisah,F
munize,F
muntaha,F
muqadaas,F
muqbalah,F
murdiyyah,F
murjanah,F
murshidah,F
muruj,F
musaddiqah,F
musaykah,F
musheera,F
mushira,F
mushirah,F
muskaan,F
muskan,F
muslimah,F
musn,F
musnah,F
mussah,F
mussaret,F
mustaeenah,F
mutahharah,F
mutazah,F
muzaynah,F
muznah,F
myiesha,F
myreen,F
mysha,F
naailah,F
naairah,F
naajidah,F
naazneen,F
naba,F
nabeeha,F
nabeela,F
nabeelah,F
nabiha,F
nabihah,F
nabijah,F
nabila,F
nabilah,F
nada,F
nadeeda,F
nadeen,F
nadesh,F
nadia,F
nadidah,F
nadimah,F
nadira,F
nadirah,F
nadiyah,F
nadra,F
nadwa,F
nadwah,F
nadyne,F
naeema,F
naeemah,F
nafeesa,F
nafeesah,F
nafesa,F
nafiah,F
nafisah,F
naflah,F
nageen,F
nageenah,F
nagheen,F
nagina,F
nahal,F
naheed,F
naheeda,F
nahida,F
nahidah,F
nahla,F
nahlah,F
nahleejah,F
naifah,F
naila,F
nailah,F
naima,F
naimah,F
nain,F
naina,F
najaah,F
najaf,F
najah,F
najat,F
najdah,F
najeeba,F
najibah,F
najidah,F
najihah,F
najiyah,F
najla,F
najma,F
najmah,F
najmiyyah,F
najwa,F
najya,F
nakhat,F
nakia,F
namar,F
namra,F
namyla,F
naqeebah,F
naraiman,F
nargis,F
narjis,F
narmin,F
naseeka,F
naseemah,F
naseerah,F
nasha,F
nasheed,F
nasheelah,F
nashema,F
nashida,F
nashirah,F
nashita,F
nashitah,F
nashmia,F
nashwa,F
nasifah,F
nasiha,F
nasihah,F
nasimah,F
nasira,F
nasirah,F
nasmah,F
nasra,F
nasreen,F
nasrin,F
nasrullah,F
natara,F
natasha,F
nathifa,F
naureen,F
naurus,F
naushaba,F
nausheen,F
naushin,F
naveda,F
naveen,F
navil,F
nawal,F
nawar,F
naweed,F
nawel,F
nawlah,F
nawrah,F
nawwal,F
nawwar,F
nayila,F
nayyab,F
nayyirah,F
nazaaha,F
nazahah,F
nazanin,F
nazeefah,F
nazeeha,F
nazeera,F
nazeerah,F
nazia,F
nazihah,F
nazimah,F
nazindah,F
nazirah,F
nazish,F
nazli,F
nazma,F
nazmin,F
nazneen,F
nazraana,F
nazuk,F
neelam,F
neelofer,F
neeshad,F
neeya,F
neha,F
nejat,F
nelam,F
nelofar,F
nesrin,F
nevaeh,F
nibaal,F
nibal,F
nida,F
nidaa,F
nidda,F
nigar,F
nighat,F
nihad,F
nija,F
nijah,F
nilofar,F
nilofer,F
nimaat,F
nimah,F
nimat,F
nimerah,F
nimra,F
nimrah,F
nina,F
nisa,F
nisha,F
nishat,F
nisreen,F
nisrin,F
nissa,F
niyaf,F
nojood,F
noorah,F
nooralhaya,F
noorie,F
nooriya,F
noorjahan,F
noorjehan,F
noorulann,F
nora,F
norah,F
noreen,F
norhan,F
noriza,F
noshaba,F
nosheen,F
nouf,F
noureen,F
nuaymah,F
nudar,F
nudbah,F
nudhar,F
nudrat,F
nuha,F
nuhaa,F
nujud,F
numa,F
nunah,F
nura,F
nurah,F
nuralhuda,F
nurayda,F
nuriya,F
nuriyah,F
nurjenna,F
nuryn,F
nusaibah,F
nusaybah,F
nuwairah,F
nuwayla,F
nuwaylah,F
nuwayrah,F
nuwwar,F
nuwwarrah,F
nuzhah,F
nuzhat,F
nyasia,F
nyla,F
ojala,F
omera,F
pakeezah,F
parinda,F
pariza,F
parveen,F
parvina,F
qabalah,F
qabilah,F
qabool,F
qadr,F
qadriyah,F
qadriyyah,F
qailah,F
qamayr,F
qameer,F
qaniah,F
qaraah,F
qarasafahl,F
qareebah,F
qasoomah,F
qaylah,F
qaymayriyah,F
qaysar,F
qindeel,F
qirat,F
qisaf,F
qismah,F
qiyyama,F
quadriyyah,F
qubilah,F
quddusiyyah,F
qudsiyah,F
quraybah,F
qurratulain,F
qurratulayn,F
qutaylah,F
qutayyah,F
raaida,F
raameen,F
raawiya,F
rabab,F
rabail,F
rabbiya,F
rabeea,F
rabia,F
rabitah,F
rabiya,F
rabiyah,F
radeyah,F
radhia,F
radhiya,F
radhwaa,F
radiyah,F
radwa,F
raeesah,F
rafa,F
rafah,F
rafal,F
rafat,F
rafeeqah,F
rafia,F
rafiah,F
rafida,F
rafidah,F
rafif,F
rafiqah,F
raghad,F
raghda,F
raghibah,F
raghidah,F
raha,F
rahaf,F
raheemah,F
rahila,F
rahilah,F
rahimah,F
rahiq,F
rahma,F
rahmaa,F
rahmah,F
raidah,F
raifah,F
raihana,F
raima,F
raina,F
raiqah,F
raitah,F
rajiyah,F
rameen,F
rameesha,F
ramia,F
ramidha,F
ramisa,F
ramlah,F
ramsha,F
ramzia,F
ramziyah,F
rana,F
rand,F
randa,F
raneem,F
rania,F
ranim,F
raniya,F
raniyah,F
ranya,F
rasha,F
rasheeda,F
rasheedah,F
rashida,F
rashidah,F
rasmiyah,F
raudzah,F
rawah,F
rawdha,F
rawhah,F
rawhiyah,F
rawiah,F
rayann,F
rayhanah,F
rayna,F
rayya,F
rayyaa,F
razaan,F
razaana,F
razaanah,F
razan,F
razia,F
reeha,F
reeham,F
reem,F
reema,F
reena,F
reham,F
rehana,F
rehemat,F
reja,F
reshma,F
reyah,F
reyhana,F
rifaat,F
rifat,F
rifaya,F
riffat,F
riham,F
rihana,F
rija,F
rijja,F
rima,F
rimsha,F
rinaaz,F
rizqin,F
rizwana,F
robina,F
roha,F
rohaan,F
roma,F
romana,F
romeesa,F
rona,F
roshini,F
roshni,F
roushana,F
ruaa,F
rubaa,F
rubaba,F
rubadah,F
rubi,F
rubina,F
rubiya,F
rudainah,F
rudaynah,F
rufaidah,F
rufaydah,F
ruhab,F
ruhee,F
ruhina,F
rukan,F
rukayat,F
rukhsaar,F
rukhsana,F
rukhsar,F
ruksana,F
ruksha,F
rumailah,F
rumaisa,F
rumaithah,F
rumana,F
rumaylah,F
rumaythah,F
rumeha,F
ruqaya,F
ruqayya,F
ruqayyah,F
ruquaiya,F
rushda,F
ruwaidah,F
ruwaydah,F
ruyah,F
saabira,F
saadia,F
saadiya,F
saaedah,F
saaleha,F
saaliha,F
saamiya,F
saara,F
saarah,F
saba,F
sabaa,F
sabah,F
sabahat,F
sabburah,F
sabeegah,F
sabeen,F
sabeeyah,F
sabiha,F
sabihah,F
sabina,F
sabiqah,F
sabirah,F
sabr,F
sabreen,F
sabrin,F
sabriyah,F
sabuhi,F
sadaf,F
sadah,F
sadia,F
sadiah,F
sadiqa,F
sadiqah,F
sadiyah,F
sadoof,F
saeedah,F
safa,F
safaa,F
safeerah,F
saffanah,F
saffiya,F
safia,F
safiya,F
safiyya,F
safiyyah,F
safoorah,F
safun,F
safwana,F
sageda,F
sagheerah,F
saharish,F
sahibah,F
sahirah,F
sahla,F
sahlah,F
sahrish,F
saibah,F
saida,F
saidah,F
saihah,F
saila,F
saima,F
saimah,F
saiqa,F
saira,F
sairish,F
saja,F
sajidah,F
sakeena,F
sakeenah,F
sakina,F
sakinah,F
saleema,F
saleemah,F
saleena,F
salifah,F
salihah,F
salikah,F
salimah,F
salma,F
salmaa,F
salsabeel,F
salsabil,F
salwa,F
samaa,F
samaah,F
samah,F
samaira,F
samar,F
samara,F
samarah,F
samawah,F
sameea,F
sameeha,F
sameen,F
sameena,F
sameenah,F
sameera,F
samera,F
sameya,F
samia,F
samiah,F
samihah,F
samina,F
samira,F
samirah,F
samiun,F
samiya,F
samiyah,F
sammar,F
samra,F
samrah,F
samrina,F
sana,F
sanaa,F
sanam,F
sanari,F
sanaubar,F
sanika,F
saniya,F
saniyah,F
saniyya,F
sanjeedah,F
sara,F
sarah,F
sarina,F
sarish,F
sarra,F
sarrinah,F
sarwari,F
sarwat,F
sarwath,F
sauda,F
savaira,F
sawdah,F
sawsan,F
sayyidah,F
seem,F
seemeen,F
seerat,F
seham,F
seher,F
sehr,F
sehrish,F
selina,F
senada,F
senait,F
sfiyah,F
shabana,F
shabeehah,F
shabina,F
shabnam,F
shadha,F
shadhaa,F
shadhiyah,F
shadiyah,F
shadmani,F
shafana,F
shafaq,F
shafath,F
shafeeqah,F
shafia,F
shafiah,F
shafiqah,F
shagufta,F
shahada,F
shahana,F
shaharun,F
shahd,F
shahed,F
shaheema,F
shaheena,F
shaheenah,F
shaheerah,F
shahida,F
shahidah,F
shahina,F
shahirah,F
shahla,F
shahlah,F
shahmeen,F
shahnaaz,F
shahnaz,F
shahnoor,F
shahrazad,F
shahreen,F
shahzaadee,F
shahzana,F
shaila,F
shaima,F
shairah,F
shaista,F
shaistah,F
shajarah,F
shajeeah,F
shakeelah,F
shakila,F
shakirah,F
shakurah,F
shalimar,F
shama,F
shamailah,F
shamama,F
shamamah,F
shameemah,F
shameena,F
shamila,F
shamilah,F
shamima,F
shamis,F
shamoodah,F
shamsa,F
shamsia,F
shanaz,F
shanika,F
shanum,F
shanza,F
shanzay,F
shanze,F
shaqeeqah,F
sharayah,F
shareefa,F
shareekah,F
shareen,F
sharifah,F
shariqah,F
sharleez,F
sharmeen,F
sharmin,F
shasmeen,F
shatha,F
shawq,F
shayla,F
shayma,F
shaymaa,F
shazana,F
shazfa,F
shazia,F
shazmah,F
shazmin,F
shazneen,F
sheema,F
sheen,F
sheenaz,F
shehla,F
shehrbano,F
shehzadi,F
sheila,F
shellah,F
sherana,F
shereen,F
sherrifah,F
sheyla,F
sheza,F
shezan,F
shihaam,F
shillan,F
shimah,F
shimaz,F
shireen,F
shiya,F
shiyam,F
shiza,F
shua,F
shuba,F
shudun,F
shuhrah,F
shujana,F
shukrah,F
shukriyah,F
shumaila,F
shumaisiya,F
shumaylah,F
shumaysah,F
shurafa,F
shurooq,F
shuruq,F
shyreen,F
sibaal,F
sibal,F
siddiqa,F
siddiqah,F
siddra,F
sidra,F
sidrah,F
sihaam,F
siham,F
simah,F
simra,F
simrah,F
sirah,F
sireen,F
sirin,F
sitarah,F
sitwat,F
sobia,F
sofia,F
soha,F
sohana,F
somaya,F
sonia,F
sophia,F
soraiya,F
soraya,F
sorfina,F
souad,F
souhayla,F
suad,F
subaha,F
subayah,F
subbiha,F
subhaan,F
subhah,F
subhiyah,F
subuhi,F
suda,F
sudi,F
sufia,F
sughra,F
suha,F
suhailah,F
suhaimah,F
suhair,F
suhana,F
suhaylah,F
suhaymah,F
suhayr,F
suheera,F
suja,F
sukaina,F
sukainah,F
sukaynah,F
sulafah,F
sultana,F
sultanah,F
sulthana,F
sumaira,F
sumaiya,F
sumaiyah,F
sumanah,F
sumara,F
sumayra,F
sumayrah,F
sumaytah,F
sumayyah,F
sumbul,F
sumera,F
sumia,F
sumiya,F
sumlina,F
summar,F
summaya,F
summayyah,F
sumnah,F
sumra,F
sunbul,F
sundas,F
sundus,F
sunya,F
sura,F
suraa,F
suraiya,F
suraya,F
surraya,F
suwaydah,F
suwera,F
swiyyah,F
taabeer,F
taahira,F
taalah,F
taalia,F
tabalah,F
tabinda,F
tafida,F
taghrid,F
tahani,F
tahera,F
tahfeem,F
tahira,F
tahirah,F
tahiyah,F
tahiyat,F
tahlibah,F
tahseenah,F
taibah,F
taima,F
takiyah,F
tala,F
talah,F
talibah,F
tamadur,F
tamanna,F
tamara,F
tameemah,F
tanisha,F
tanweer,F
tanzeela,F
tanzila,F
taqiyah,F
taqwa,F
taqwaa,F
tara,F
tariqah,F
tarub,F
tasavur,F
taseefa,F
tasheen,F
taskeen,F
tasleem,F
tasliymah,F
tasneam,F
tasneem,F
tasnim,F
tatheer,F
taybah,F
tayma,F
tayyibah,F
tazeen,F
tazim,F
tazkia,F
tazmeen,F
tehmeed,F
tehreem,F
tehzeeb,F
thabitah,F
thahera,F
thaminah,F
thana,F
thanaa,F
thara,F
tharaa,F
tharwah,F
tharya,F
thashin,F
thoraya,F
thubaytah,F
thufailah,F
thuml,F
thuraiya,F
thurayya,F
thuwaibah,F
thuwaybah,F
tibah,F
tisha,F
tooba,F
toufika,F
tuba,F
tubaa,F
tubassum,F
tufaylah,F
tulayhah,F
tumadur,F
tuqa,F
tuqaa,F
ubaab,F
ubab,F
ubah,F
udaysah,F
ugbaad,F
uhud,F
ujala,F
ulfah,F
umaiza,F
umamah,F
umaymah,F
umaynah,F
umayrah,F
ummayyah,F
ummekulsum,F
ummkalthum,F
ummkulthum,F
umnia,F
umniyah,F
unaysah,F
unaza,F
unsa,F
uroosa,F
urshia,F
usaimah,F
usaymah,F
ushna,F
uswa,F
utaybah,F
uwaisah,F
uwaysah,F
uzma,F
valiqa,F
vardah,F
varisha,F
waajidah,F
wabisa,F
wadha,F
wadhaa,F
wadiah,F
wafaa,F
wafeeqa,F
wafeeqah,F
wafiqah,F
wafiyah,F
wafiza,F
wagma,F
wahabah,F
wahbiyah,F
wahibah,F
wahida,F
wahidah,F
wahuj,F
wajahat,F
wajd,F
wajihah,F
wakeelah,F
wala,F
walaa,F
walidah,F
walihah,F
waliyah,F
walladah,F
wania,F
waniya,F
warda,F
wardah,F
wareesha,F
warizah,F
warqa,F
warqaa,F
warsan,F
waseefah,F
waseemah,F
wasfiyah,F
washma,F
wasifah,F
wasilah,F
wasimah,F
wasna,F
watiaa,F
wazeera,F
wiam,F
widaad,F
widad,F
wifaq,F
wijdan,F
wisaal,F
wisaam,F
wisal,F
wiyyam,F
wordah,F
wurud,F
yafiah,F
yakootah,F
yalina,F
yalqoot,F
yamamah,F
yamha,F
yamina,F
yaminah,F
yara,F
yarah,F
yasirah,F
yasmeen,F
yasmeenah,F
yasmin,F
yasmina,F
yasmine,F
yasna,F
yassaman,F
yelda,F
yumn,F
yumna,F
yumnah,F
yusayrah,F
yusra,F
yusraa,F
yusriyah,F
yusur,F
zaafirah,F
zaahirah,F
zaara,F
zaeemah,F
zafeerah,F
zafirah,F
zafreen,F
zahabiya,F
zahara,F
zaheen,F
zaheerah,F
zahidah,F
zahira,F
zahirah,F
zahra,F
zahraa,F
zahrah,F
zahwah,F
zaida,F
zaina,F
zainab,F
zairah,F
zaiton,F
zakia,F
zakirah,F
zakiyah,F
zalfa,F
zameelah,F
zameena,F
zamrud,F
zanubiya,F
zanyah,F
zara,F
zareen,F
zareena,F
zareenah,F
zarifah,F
zarina,F
zariya,F
zariyah,F
zarmina,F
zarqa,F
zarrah,F
zartaj,F
zayaan,F
zayba,F
zaynab,F
zaynah,F
zaytoon,F
zaytoonah,F
zeba,F
zeena,F
zeenat,F
zehna,F
zehra,F
zenia,F
zerina,F
zhalay,F
zinah,F
zinat,F
zineta,F
zinneerah,F
ziyan,F
zoeya,F
zoha,F
zoharin,F
zohha,F
zohra,F
zohura,F
zonira,F
zorah,F
zoufishan,F
zoya,F
zubaidah,F
zubaria,F
zubash,F
zubaydah,F
zubdah,F
zubi,F
zuha,F
zuhaa,F
zuhaira,F
zuharah,F
zuhayra,F
zuhera,F
zuhra,F
zuhrah,F
zuhur,F
zulaykha,F
zulekha,F
zulfa,F
zulfah,F
zumurrud,F
zumzum,F
zunairah,F
zynah,F
zyva,F
